{"cameraMode":{"drawMode":0,"name":"Shaded","section":"Shading Mode"},"sceneLighting":true,"audioPlay":false,"sceneViewState":{"m_AlwaysRefresh":false,"showFog":true,"showSkybox":true,"showFlares":true,"showImageEffects":true,"showParticleSystems":true,"showVisualEffectGraphs":true,"m_FxEnabled":true},"in2DMode":false,"pivot":{"x":0.07987093925476074,"y":-2.8052313327789308,"z":-2.785768508911133},"rotation":{"x":0.1582520306110382,"y":-0.06865810602903366,"z":0.011032863520085812,"w":0.9849528074264526},"size":4.8580498695373539,"orthographic":false}