{"cameraMode":{"drawMode":0,"name":"Shaded","section":"Shading Mode"},"sceneLighting":true,"audioPlay":false,"sceneViewState":{"m_AlwaysRefresh":false,"showFog":true,"showSkybox":true,"showFlares":true,"showImageEffects":true,"showParticleSystems":true,"showVisualEffectGraphs":true,"m_FxEnabled":true},"in2DMode":false,"pivot":{"x":0.558899462223053,"y":2.926943778991699,"z":-2.015444040298462},"rotation":{"x":-0.0093093765899539,"y":0.0035971535835415127,"z":-0.000033277498005190864,"w":-0.9999513030052185},"size":3.0630719661712648,"orthographic":false}