{"cameraMode":{"drawMode":0,"name":"Shaded","section":"Shading Mode"},"sceneLighting":true,"audioPlay":false,"sceneViewState":{"m_AlwaysRefresh":false,"showFog":true,"showSkybox":true,"showFlares":true,"showImageEffects":true,"showParticleSystems":true,"showVisualEffectGraphs":true,"m_FxEnabled":true},"in2DMode":false,"pivot":{"x":3.348540782928467,"y":2.527770519256592,"z":-2.192355155944824},"rotation":{"x":-0.0048047746531665329,"y":-0.04438873007893562,"z":0.00021337103680707514,"w":-0.9990026354789734},"size":4.493298530578613,"orthographic":false}