{"cameraMode":{"drawMode":0,"name":"Shaded","section":"Shading Mode"},"sceneLighting":true,"audioPlay":false,"sceneViewState":{"m_AlwaysRefresh":false,"showFog":true,"showSkybox":true,"showFlares":true,"showImageEffects":true,"showParticleSystems":true,"showVisualEffectGraphs":true,"m_FxEnabled":true},"in2DMode":false,"pivot":{"x":429.7478942871094,"y":212.95310974121095,"z":-4.6573638916015629},"rotation":{"x":0.0011903293197974563,"y":0.015595522709190846,"z":0.000018446451576892287,"w":-0.9998779892921448},"size":270.7414855957031,"orthographic":false}